,Seed,Region,Team,Opponent,Team Score,Opponent Score,Result,Year,Round,team_game_result,fg_pct,fg3_pct,ft_pct,efg_pct,fga,fg3a,fta,orb,drb,tov,opp_name_abbr,pt_diff
0,16,east,Fairleigh Dickinson,Purdue,63,58,1,2023,1,4,1.1435945841392652,0.9106865051903117,1.1167008849557525,0.8549534246575342,1.3776278260869568,1.0704230031948883,0.9262787234042553,0.9187139784946239,1.0324269377382467,0.989342372881356,"['St. Francis Brooklyn', 'St. Francis Brooklyn', 'Saint Francis (PA)', 'Merrimack', 'Texas Southern']",2.9564800000000013
1,9,east,Florida Atlantic,Memphis,66,65,1,2023,1,5,1.061747714808044,1.0572319862424766,1.0670248927038628,1.0339875,1.0503431693989074,0.8616491228070177,1.1206253129346317,0.8954064516129033,1.0613457725947526,0.89923611738149,"['Rice', 'Louisiana Tech', 'Western Kentucky', 'Middle Tennessee', 'UAB']",4.048
2,5,east,Duke,Oral Roberts,74,51,1,2023,1,5,0.9908947162426615,0.9217389961389962,1.0215716814159292,0.8668366621067034,0.8068394029850747,1.418260645161291,1.0259738903394258,0.8976000000000004,1.068835595105673,0.8573217391304349,"['NC State', 'North Carolina', 'Pittsburgh', 'Miami (FL)', 'Virginia']",1.7452800000000004
3,4,east,Tennessee,Louisiana,58,55,1,2023,1,3,1.1903615230460924,0.9797218884120175,1.1874217090069286,0.9820800000000001,1.2102857142857144,0.6992622083981339,0.917581920903955,0.8368858536585367,0.9139999999999999,0.7382495049504951,"['South Carolina', 'Arkansas', 'Auburn', 'Ole Miss', 'Missouri']",3.5750400000000004
4,6,east,Kentucky,Providence,61,53,1,2023,1,3,1.040309881422925,1.0079295843520786,1.0733251101321588,0.9056313213703101,0.8735354466858792,1.1376514548238899,1.0342934844192637,1.0840291970802922,1.0563372455089821,1.151320430107527,"['Florida', 'Auburn', 'Vanderbilt', 'Arkansas', 'Vanderbilt']",1.2675200000000004
5,3,east,Kansas State,Montana State,77,65,1,2023,1,3,1.0209896749521992,1.0054144983197313,1.0306221258134491,1.1328510638297873,0.8534997084548106,0.8629262316910787,0.9898267379679146,0.9100800000000001,1.0378434782608696,0.9644679245283021,"['Baylor', 'Oklahoma State', 'Oklahoma', 'West Virginia', 'TCU']",0.5552000000000002
6,7,east,Michigan State,USC,72,62,1,2023,1,3,1.089872340425532,0.9746946502057614,1.0539115044247789,1.0724087227414332,1.20683155216285,1.23409696969697,1.1095567852437418,1.0675174089068826,0.8367299408284025,0.9317942857142858,"['Indiana', 'Iowa', 'Nebraska', 'Ohio State', 'Ohio State']",1.2307200000000003
7,2,east,Marquette,Vermont,78,61,1,2023,1,5,0.9795257142857143,0.9581895124195035,0.9805465020576133,1.016778947368421,0.92371671388102,0.7280326530612247,1.2300278551532038,0.9514992366412215,0.9984755905511814,1.0121794195250662,"['Butler', ""St. John's (NY)"", ""St. John's (NY)"", 'Connecticut', 'Xavier']",2.0268800000000007
8,1,east,Purdue,Fairleigh Dickinson,58,63,0,2023,1,5,1.002807722007722,0.9542561983471076,1.0234503282275713,0.9508694481830418,0.8784,1.0313333333333334,0.8967354838709678,0.9466181818181818,0.94583427922815,0.8504432432432432,"['Wisconsin', 'Illinois', 'Rutgers', 'Ohio State', 'Penn State']",0.9222400000000002
9,8,east,Memphis,Florida Atlantic,65,66,0,2023,1,4,1.059097358490566,0.9337519083969468,1.00977369519833,1.0596781609195403,1.3618402266288956,1.0893243606998655,1.0266859437751006,0.9919736842105266,1.0321941747572816,1.0642456140350878,"['SMU', 'Houston', 'UCF', 'Tulane', 'Houston']",3.3235200000000007
10,12,east,Oral Roberts,Duke,51,74,0,2023,1,5,0.9733992831541217,0.9879193186911701,0.9762430379746837,1.0418072054527752,0.8983057534246578,1.0358978102189784,1.1094015503875971,1.1616356877323424,0.959225806451613,0.821929712460064,"['South Dakota', 'South Dakota State', 'North Dakota', 'St. Thomas', 'North Dakota State']",2.9945600000000008
11,13,east,Louisiana,Tennessee,55,58,0,2023,1,5,1.0000413284132843,0.9631724137931036,1.0262273858921163,0.7995514960629924,0.9387531914893618,0.9849422222222224,1.0387378299120238,1.024671124620061,1.0755638141809294,0.9601667493796529,"['Arkansas State', 'South Alabama', 'Georgia Southern', 'Texas State', 'South Alabama']",1.9587200000000002
12,11,east,Providence,Kentucky,53,61,0,2023,1,1,0.9528798434442273,0.9638740253164557,0.9239228070175439,1.1122361904761908,1.0454982658959542,0.8861121338912133,1.0161466307277631,0.928848979591837,0.6058587360594797,0.7899523545706374,"['Connecticut', 'Georgetown', 'Xavier', 'Seton Hall', 'Connecticut']",-2.2409600000000003
13,14,east,Montana State,Kansas State,65,77,0,2023,1,5,0.9781505703422054,1.013492537313433,1.0023164179104478,0.5954143302180686,1.4759619047619046,1.4734054054054055,1.0513188328912468,1.092562248995984,1.1837974683544308,0.9521393034825874,"['Portland State', 'Eastern Washington', 'Northern Colorado', 'Weber State', 'Northern Arizona']",1.7929600000000003
14,10,east,USC,Michigan State,62,72,0,2023,1,3,1.0732593750000001,0.9880460063897765,1.0495789010989012,1.0935561290322582,1.1343443478260873,1.1006769230769233,0.9117852348993291,0.9100946564885498,1.1414543640897756,0.9163793814432991,"['Colorado', 'Utah', 'Arizona', 'Arizona State', 'Arizona State']",1.5651200000000003
15,15,east,Vermont,Marquette,61,78,0,2023,1,5,1.0540718693284938,0.9984302998421886,1.057849789029536,0.9950000000000001,1.0281027932960896,0.8637634011090575,1.0163925394548068,0.6528,0.966047594936709,0.7073807308970101,"['Bryant', 'Albany (NY)', 'NJIT', 'Binghamton', 'UMass Lowell']",2.6115200000000005
16,9,east,Florida Atlantic,Fairleigh Dickinson,78,70,1,2023,2,5,1.061747714808044,1.0572319862424766,1.0670248927038628,1.0339875,1.0503431693989074,0.8616491228070177,1.1206253129346317,0.8954064516129033,1.0613457725947526,0.89923611738149,"['Rice', 'Louisiana Tech', 'Western Kentucky', 'Middle Tennessee', 'UAB']",4.048
17,4,east,Tennessee,Duke,65,52,1,2023,2,3,1.1903615230460924,0.9797218884120175,1.1874217090069286,0.9820800000000001,1.2102857142857144,0.6992622083981339,0.917581920903955,0.8368858536585367,0.9139999999999999,0.7382495049504951,"['South Carolina', 'Arkansas', 'Auburn', 'Ole Miss', 'Missouri']",3.5750400000000004
18,3,east,Kansas State,Kentucky,75,69,1,2023,2,3,1.0209896749521992,1.0054144983197313,1.0306221258134491,1.1328510638297873,0.8534997084548106,0.8629262316910787,0.9898267379679146,0.9100800000000001,1.0378434782608696,0.9644679245283021,"['Baylor', 'Oklahoma State', 'Oklahoma', 'West Virginia', 'TCU']",0.5552000000000002
19,7,east,Michigan State,Marquette,69,60,1,2023,2,3,1.089872340425532,0.9746946502057614,1.0539115044247789,1.0724087227414332,1.20683155216285,1.23409696969697,1.1095567852437418,1.0675174089068826,0.8367299408284025,0.9317942857142858,"['Indiana', 'Iowa', 'Nebraska', 'Ohio State', 'Ohio State']",1.2307200000000003
20,16,east,Fairleigh Dickinson,Florida Atlantic,70,78,0,2023,2,4,1.1435945841392652,0.9106865051903117,1.1167008849557525,0.8549534246575342,1.3776278260869568,1.0704230031948883,0.9262787234042553,0.9187139784946239,1.0324269377382467,0.989342372881356,"['St. Francis Brooklyn', 'St. Francis Brooklyn', 'Saint Francis (PA)', 'Merrimack', 'Texas Southern']",2.9564800000000013
21,5,east,Duke,Tennessee,52,65,0,2023,2,5,0.9908947162426615,0.9217389961389962,1.0215716814159292,0.8668366621067034,0.8068394029850747,1.418260645161291,1.0259738903394258,0.8976000000000004,1.068835595105673,0.8573217391304349,"['NC State', 'North Carolina', 'Pittsburgh', 'Miami (FL)', 'Virginia']",1.7452800000000004
22,6,east,Kentucky,Kansas State,69,75,0,2023,2,3,1.040309881422925,1.0079295843520786,1.0733251101321588,0.9056313213703101,0.8735354466858792,1.1376514548238899,1.0342934844192637,1.0840291970802922,1.0563372455089821,1.151320430107527,"['Florida', 'Auburn', 'Vanderbilt', 'Arkansas', 'Vanderbilt']",1.2675200000000004
23,2,east,Marquette,Michigan State,60,69,0,2023,2,5,0.9795257142857143,0.9581895124195035,0.9805465020576133,1.016778947368421,0.92371671388102,0.7280326530612247,1.2300278551532038,0.9514992366412215,0.9984755905511814,1.0121794195250662,"['Butler', ""St. John's (NY)"", ""St. John's (NY)"", 'Connecticut', 'Xavier']",2.0268800000000007
24,9,east,Florida Atlantic,Tennessee,62,55,1,2023,3,5,1.061747714808044,1.0572319862424766,1.0670248927038628,1.0339875,1.0503431693989074,0.8616491228070177,1.1206253129346317,0.8954064516129033,1.0613457725947526,0.89923611738149,"['Rice', 'Louisiana Tech', 'Western Kentucky', 'Middle Tennessee', 'UAB']",4.048
25,3,east,Kansas State,Michigan State,98,93,1,2023,3,3,1.0209896749521992,1.0054144983197313,1.0306221258134491,1.1328510638297873,0.8534997084548106,0.8629262316910787,0.9898267379679146,0.9100800000000001,1.0378434782608696,0.9644679245283021,"['Baylor', 'Oklahoma State', 'Oklahoma', 'West Virginia', 'TCU']",0.5552000000000002
26,4,east,Tennessee,Florida Atlantic,55,62,0,2023,3,3,1.1903615230460924,0.9797218884120175,1.1874217090069286,0.9820800000000001,1.2102857142857144,0.6992622083981339,0.917581920903955,0.8368858536585367,0.9139999999999999,0.7382495049504951,"['South Carolina', 'Arkansas', 'Auburn', 'Ole Miss', 'Missouri']",3.5750400000000004
27,7,east,Michigan State,Kansas State,93,98,0,2023,3,3,1.089872340425532,0.9746946502057614,1.0539115044247789,1.0724087227414332,1.20683155216285,1.23409696969697,1.1095567852437418,1.0675174089068826,0.8367299408284025,0.9317942857142858,"['Indiana', 'Iowa', 'Nebraska', 'Ohio State', 'Ohio State']",1.2307200000000003
28,9,east,Florida Atlantic,Kansas State,79,76,1,2023,4,5,1.061747714808044,1.0572319862424766,1.0670248927038628,1.0339875,1.0503431693989074,0.8616491228070177,1.1206253129346317,0.8954064516129033,1.0613457725947526,0.89923611738149,"['Rice', 'Louisiana Tech', 'Western Kentucky', 'Middle Tennessee', 'UAB']",4.048
29,3,east,Kansas State,Florida Atlantic,76,79,0,2023,4,3,1.0209896749521992,1.0054144983197313,1.0306221258134491,1.1328510638297873,0.8534997084548106,0.8629262316910787,0.9898267379679146,0.9100800000000001,1.0378434782608696,0.9644679245283021,"['Baylor', 'Oklahoma State', 'Oklahoma', 'West Virginia', 'TCU']",0.5552000000000002
30,1,midwest,Houston,Northern Kentucky,63,52,1,2023,1,4,0.9288168260038244,0.975684793463459,0.9204576419213975,1.0448268263473055,0.9018729411764707,1.2361257861635222,1.0431890859481585,0.9901025882352942,0.8343663716814161,1.103826285714286,"['Wichita State', 'Memphis', 'East Carolina', 'Cincinnati', 'Memphis']",2.0640000000000005
31,9,midwest,Auburn,Iowa,83,75,1,2023,1,2,1.071227474747475,0.9292809643395281,1.0641712984054672,0.892128958630528,1.1946920634920637,1.0785947441217154,1.1132850574712647,0.6445325227963528,0.7778991037131883,0.9709367088607596,"['Ole Miss', 'Kentucky', 'Alabama', 'Tennessee', 'Arkansas']",-0.2876800000000001
32,5,midwest,Miami FL,Drake,63,56,1,2023,1,3,0.9617325966850829,1.0344562358276643,0.9647200000000002,1.0474087417218545,0.9397043478260871,0.9079373707533235,0.9645142857142859,1.1368167164179106,1.0048749414519909,0.9592785894206549,"['Virginia Tech', 'Florida State', 'Pittsburgh', 'Wake Forest', 'Duke']",0.3062400000000002
33,4,midwest,Indiana,Kent State,71,60,1,2023,1,3,0.9882706542056074,1.031178082191781,1.0055703703703704,0.8743823529411765,0.9378913043478264,0.8750697674418606,1.0802992967651197,0.7573236363636365,0.9717870894677241,0.6523204134366927,"['Purdue', 'Iowa', 'Michigan', 'Maryland', 'Penn State']",0.41600000000000004
34,11,midwest,Pittsburgh,Iowa State,59,41,1,2023,1,2,0.9755428571428573,0.9875313791446423,0.9996492170022374,0.8133528239202659,1.0247555555555559,1.3853473684210527,0.8675583662714098,1.032139805825243,0.8665325817361895,0.7259716535433072,"['Notre Dame', 'Miami (FL)', 'Georgia Tech', 'Duke', 'Mississippi State']",-1.2336000000000003
35,3,midwest,Xavier,Kennesaw State,72,67,1,2023,1,4,1.0029478260869567,1.0089453900709222,0.9966959349593498,0.9842526315789474,1.0574851282051285,0.9601604519774013,0.9781814084507044,1.0544543209876547,0.9902769230769233,0.7999893333333334,"['Providence', 'Butler', 'DePaul', 'Creighton', 'Marquette']",0.9273600000000002
36,10,midwest,Penn State,Texas A&M,76,59,1,2023,1,4,0.9615595667870036,0.9412267171956421,0.9797771058315337,0.8943067336683419,0.9091638242894057,1.2503198218262808,0.9661250338294993,1.0318141414141415,0.9693593852908893,1.1362580645161289,"['Maryland', 'Illinois', 'Northwestern', 'Indiana', 'Purdue']",0.24256000000000003
37,2,midwest,Texas,Colgate,81,61,1,2023,1,4,0.8787212007504691,0.9996274355613808,0.8871238900634253,0.9313174683544304,0.844555619596542,1.007244635193133,1.0647208556149736,1.0673365853658539,0.9909430523917996,0.9226949397590364,"['TCU', 'Kansas', 'Oklahoma State', 'TCU', 'Kansas']",1.5142400000000003
38,16,midwest,Northern Kentucky,Houston,52,63,0,2023,1,5,1.0973006036217303,0.9126850275413122,1.069911737089202,1.0222200725513906,1.056421052631579,1.1621007194244608,1.1041310344827588,0.8736000000000002,0.9514463276836158,0.899924528301887,"['Detroit Mercy', 'Oakland', 'Oakland', 'Youngstown State', 'Cleveland State']",1.0732800000000002
39,8,midwest,Iowa,Auburn,75,83,0,2023,1,2,0.8965323017408123,1.0013950890707752,0.8975399558498898,1.1615322207958927,0.7744705882352942,0.8363016393442622,0.9680585365853658,1.1553252173913047,0.7993065274151437,0.8243884984025561,"['Wisconsin', 'Michigan State', 'Indiana', 'Nebraska', 'Ohio State']",-0.5849600000000003
40,12,midwest,Drake,Miami FL,56,63,0,2023,1,4,1.0577638733705774,0.9265905511811026,1.0583198294243075,0.9507323568575237,1.0641427027027026,1.1265185185185185,1.0128646675358541,0.9635161290322581,0.9813651137594801,0.8061395348837211,"['Illinois State', 'Bradley', 'Murray State', 'Southern Illinois', 'Bradley']",4.05696
41,13,midwest,Kent State,Indiana,60,71,0,2023,1,5,1.12071906614786,0.9865526315789476,1.1282382222222225,0.9715794621026895,1.0810142857142857,1.0752682926829271,1.0170137741046836,0.956385542168675,1.002504347826087,0.8276363636363638,"['Ohio', 'Akron', 'Northern Illinois', 'Akron', 'Toledo']",1.9542400000000004
42,6,midwest,Iowa State,Pittsburgh,41,59,0,2023,1,2,0.9054813627254511,0.9816816153028696,0.9083088036117384,0.8341902668759813,1.0294187311178247,1.034779428571429,0.9771844776119404,1.053907317073171,0.9115674418604653,0.8968235294117647,"['Oklahoma', 'West Virginia', 'Baylor', 'Baylor', 'Kansas']",-0.90656
43,14,midwest,Kennesaw State,Xavier,67,72,0,2023,1,5,1.0448000000000002,0.9974428500742211,1.0558507592190889,0.9571494252873564,1.0070268493150687,0.8394578146611342,0.934712254160363,0.8511578947368423,1.095684210526316,0.7536610978520287,"['North Alabama', 'Central Arkansas', 'Queens (NC)', 'Lipscomb', 'Liberty']",1.7462400000000007
44,7,midwest,Texas A&M,Penn State,59,76,0,2023,1,4,0.9064918032786887,1.102840579710145,0.9229222222222224,0.9443483483483484,0.8654576687116565,0.9204036697247708,0.9802814229249013,1.0900261096605746,0.9906302729528539,0.7223188405797102,"['Ole Miss', 'Alabama', 'Arkansas', 'Vanderbilt', 'Alabama']",0.5558400000000003
45,15,midwest,Colgate,Texas,61,81,0,2023,1,5,1.0499827882960415,0.9653817468105989,1.0464594911937377,0.8977376586741891,1.160373200992556,1.0882768670309657,0.896948865355522,0.6797322175732219,1.1126927639383157,0.7312653061224492,"['Lafayette', 'Navy', 'Loyola (MD)', 'Army', 'Lafayette']",2.16
46,1,midwest,Houston,Auburn,81,64,1,2023,2,4,0.9288168260038244,0.975684793463459,0.9204576419213975,1.0448268263473055,0.9018729411764707,1.2361257861635222,1.0431890859481585,0.9901025882352942,0.8343663716814161,1.103826285714286,"['Wichita State', 'Memphis', 'East Carolina', 'Cincinnati', 'Memphis']",2.0640000000000005
47,5,midwest,Miami FL,Indiana,85,69,1,2023,2,3,0.9617325966850829,1.0344562358276643,0.9647200000000002,1.0474087417218545,0.9397043478260871,0.9079373707533235,0.9645142857142859,1.1368167164179106,1.0048749414519909,0.9592785894206549,"['Virginia Tech', 'Florida State', 'Pittsburgh', 'Wake Forest', 'Duke']",0.3062400000000002
48,3,midwest,Xavier,Pittsburgh,84,73,1,2023,2,4,1.0029478260869567,1.0089453900709222,0.9966959349593498,0.9842526315789474,1.0574851282051285,0.9601604519774013,0.9781814084507044,1.0544543209876547,0.9902769230769233,0.7999893333333334,"['Providence', 'Butler', 'DePaul', 'Creighton', 'Marquette']",0.9273600000000002
49,2,midwest,Texas,Penn State,71,66,1,2023,2,4,0.8787212007504691,0.9996274355613808,0.8871238900634253,0.9313174683544304,0.844555619596542,1.007244635193133,1.0647208556149736,1.0673365853658539,0.9909430523917996,0.9226949397590364,"['TCU', 'Kansas', 'Oklahoma State', 'TCU', 'Kansas']",1.5142400000000003
50,9,midwest,Auburn,Houston,64,81,0,2023,2,2,1.071227474747475,0.9292809643395281,1.0641712984054672,0.892128958630528,1.1946920634920637,1.0785947441217154,1.1132850574712647,0.6445325227963528,0.7778991037131883,0.9709367088607596,"['Ole Miss', 'Kentucky', 'Alabama', 'Tennessee', 'Arkansas']",-0.2876800000000001
51,4,midwest,Indiana,Miami FL,69,85,0,2023,2,3,0.9882706542056074,1.031178082191781,1.0055703703703704,0.8743823529411765,0.9378913043478264,0.8750697674418606,1.0802992967651197,0.7573236363636365,0.9717870894677241,0.6523204134366927,"['Purdue', 'Iowa', 'Michigan', 'Maryland', 'Penn State']",0.41600000000000004
52,11,midwest,Pittsburgh,Xavier,73,84,0,2023,2,2,0.9755428571428573,0.9875313791446423,0.9996492170022374,0.8133528239202659,1.0247555555555559,1.3853473684210527,0.8675583662714098,1.032139805825243,0.8665325817361895,0.7259716535433072,"['Notre Dame', 'Miami (FL)', 'Georgia Tech', 'Duke', 'Mississippi State']",-1.2336000000000003
53,10,midwest,Penn State,Texas,66,71,0,2023,2,4,0.9615595667870036,0.9412267171956421,0.9797771058315337,0.8943067336683419,0.9091638242894057,1.2503198218262808,0.9661250338294993,1.0318141414141415,0.9693593852908893,1.1362580645161289,"['Maryland', 'Illinois', 'Northwestern', 'Indiana', 'Purdue']",0.24256000000000003
54,5,midwest,Miami FL,Houston,89,75,1,2023,3,3,0.9617325966850829,1.0344562358276643,0.9647200000000002,1.0474087417218545,0.9397043478260871,0.9079373707533235,0.9645142857142859,1.1368167164179106,1.0048749414519909,0.9592785894206549,"['Virginia Tech', 'Florida State', 'Pittsburgh', 'Wake Forest', 'Duke']",0.3062400000000002
55,2,midwest,Texas,Xavier,83,71,1,2023,3,4,0.8787212007504691,0.9996274355613808,0.8871238900634253,0.9313174683544304,0.844555619596542,1.007244635193133,1.0647208556149736,1.0673365853658539,0.9909430523917996,0.9226949397590364,"['TCU', 'Kansas', 'Oklahoma State', 'TCU', 'Kansas']",1.5142400000000003
56,1,midwest,Houston,Miami FL,75,89,0,2023,3,4,0.9288168260038244,0.975684793463459,0.9204576419213975,1.0448268263473055,0.9018729411764707,1.2361257861635222,1.0431890859481585,0.9901025882352942,0.8343663716814161,1.103826285714286,"['Wichita State', 'Memphis', 'East Carolina', 'Cincinnati', 'Memphis']",2.0640000000000005
57,3,midwest,Xavier,Texas,71,83,0,2023,3,4,1.0029478260869567,1.0089453900709222,0.9966959349593498,0.9842526315789474,1.0574851282051285,0.9601604519774013,0.9781814084507044,1.0544543209876547,0.9902769230769233,0.7999893333333334,"['Providence', 'Butler', 'DePaul', 'Creighton', 'Marquette']",0.9273600000000002
58,5,midwest,Miami FL,Texas,88,81,1,2023,4,3,0.9617325966850829,1.0344562358276643,0.9647200000000002,1.0474087417218545,0.9397043478260871,0.9079373707533235,0.9645142857142859,1.1368167164179106,1.0048749414519909,0.9592785894206549,"['Virginia Tech', 'Florida State', 'Pittsburgh', 'Wake Forest', 'Duke']",0.3062400000000002
59,2,midwest,Texas,Miami FL,81,88,0,2023,4,4,0.8787212007504691,0.9996274355613808,0.8871238900634253,0.9313174683544304,0.844555619596542,1.007244635193133,1.0647208556149736,1.0673365853658539,0.9909430523917996,0.9226949397590364,"['TCU', 'Kansas', 'Oklahoma State', 'TCU', 'Kansas']",1.5142400000000003
60,1,south,Alabama,Texas A&M Corpus Chris,96,75,1,2023,1,4,0.9571992322456815,1.03269974070873,0.9646371040723982,1.1049222323879233,0.849045970149254,0.9222075471698115,1.024827586206897,1.1385255269320844,0.8329051094890513,0.9734977687626777,"['Auburn', 'Texas A&M', 'Mississippi State', 'Missouri', 'Texas A&M']",1.9875200000000004
61,8,south,Maryland,West Virginia,67,65,1,2023,1,2,1.094497637795276,0.9792581818181818,1.0202250000000002,1.0811943661971832,1.4656731707317074,0.6654666666666668,0.9730644808743171,0.9391475409836066,0.8673554987212276,0.7685408450704226,"['Northwestern', 'Ohio State', 'Penn State', 'Minnesota', 'Indiana']",1.1718400000000002
62,5,south,San Diego State,Charleston,63,57,1,2023,1,4,0.9062971887550202,0.947698267436695,0.9077077625570779,0.9181141388174808,0.9012275862068968,0.9183044776119405,1.08888864265928,0.9684546916890083,0.9160722580645162,0.8631262411347519,"['Boise State', 'Wyoming', 'Colorado State', 'San Jose State', 'Utah State']",0.61344
63,13,south,Furman,Virginia,68,67,1,2023,1,5,0.9622175942549372,0.8678688586190701,0.974406708595388,0.8479676113360324,0.9105488372093027,1.6516225584594224,0.9651649122807019,0.9188129032258066,0.958743925233645,0.9770890052356023,"['Mercer', 'Samford', 'Mercer', 'Western Carolina', 'Chattanooga']",1.3724800000000001
64,6,south,Creighton,N.C. State,72,63,1,2023,1,3,0.9345239852398525,0.9981929759704254,0.9278601279317699,1.0426944567627496,0.9103186440677968,1.0987674267100977,1.0603586206896554,1.1020307692307691,0.8778295928500498,0.8471168316831684,"['Villanova', 'Georgetown', 'DePaul', 'Villanova', 'Xavier']",-0.2694400000000002
65,3,south,Baylor,UC Santa Barbra,74,56,1,2023,1,2,0.9804511278195491,0.9271905978538582,0.924497777777778,1.0712091116173126,1.110517391304348,0.8293733333333335,0.9624752688172045,0.8416195718654437,0.9157464544138931,1.10247960199005,"['Kansas State', 'Texas', 'Oklahoma State', 'Iowa State', 'Iowa State']",-1.2012800000000001
66,7,south,Missouri,Utah State,76,65,1,2023,1,4,1.0862021818181817,1.0028604206500957,1.0734711864406783,1.0316017699115045,1.0983644444444447,0.5964736842105264,0.9883187335092349,0.8490922509225094,0.9650961262553802,0.9168478260869568,"['Georgia', 'Louisiana State', 'Ole Miss', 'Tennessee', 'Alabama']",1.8486400000000003
67,15,south,Princeton,Arizona,59,55,1,2023,1,4,0.9659193916349812,0.980294648478489,0.9339920879120883,0.9907457286432162,1.1813005847953217,1.2960000000000003,1.0776988764044948,0.9615249097472927,0.9325163383545771,0.9571632432432435,"['Yale', 'Harvard', 'Pennsylvania', 'Pennsylvania', 'Yale']",0.010559999999999948
68,16,south,Texas A&M Corpus Chris,Alabama,75,96,0,2023,1,5,1.016305653021443,0.9275650557620818,1.0229853658536587,0.8298043478260871,1.0645714285714287,1.283514018691589,0.9809272727272728,0.9856620498614961,1.0381642512077296,0.9482320185614851,"['Northwestern State', 'Texas A&MÃ¢\x80\x93Commerce', 'McNeese State', 'Northwestern State', 'Southeast Missouri State']",1.48096
69,9,south,West Virginia,Maryland,65,67,0,2023,1,3,0.9859666019417478,1.0344077828981058,1.0016070796460177,1.0633355932203392,0.8271680000000001,0.7166793237971392,1.0990169582772547,1.0410698507462688,0.9693767441860466,1.2641523809523814,"['Kansas', 'Iowa State', 'Kansas State', 'Texas Tech', 'Kansas']",-0.06559999999999996
70,12,south,Charleston,San Diego State,57,63,0,2023,1,5,0.9290500970873788,0.9226521344232518,0.9667082568807339,0.8347250237868696,0.790211480362538,1.3582517289073308,1.0456559139784949,0.8032963855421686,1.000810810810811,0.9135256723716385,"['Towson', 'Stony Brook', 'Stony Brook', 'Towson', 'UNC Wilmington']",2.397760000000001
71,4,south,Virginia,Furman,67,68,0,2023,1,4,0.9423093750000002,0.9855202266288953,0.9697532293986637,0.9268120826709063,0.7985142857142857,1.0347249592169658,1.004110384068279,1.2063652173913042,1.0104000000000004,0.9803462686567167,"['Clemson', 'Louisville', 'North Carolina', 'Clemson', 'Duke']",1.3510400000000005
72,11,south,N.C. State,Creighton,63,72,0,2023,1,2,1.0902120388349517,0.9715675378266851,1.1080320000000003,0.9265461728395062,1.0312023054755046,0.7729539019963705,1.015698614958449,0.7930525073746314,0.9028409756097562,0.9175818770226539,"['Wake Forest', 'Clemson', 'Duke', 'Virginia Tech', 'Clemson']",0.29632000000000003
73,14,south,UC Santa Barbra,Baylor,56,74,0,2023,1,5,1.0344572477064222,1.025591466666667,1.042700202839757,0.8452468468468468,1.1615817142857146,1.3300869565217392,1.1102283356258598,0.460235294117647,1.0036205128205131,0.7195471698113209,"['UC Davis', 'Hawaii', 'Cal Poly', 'UC Riverside', 'Cal State Fullerton']",1.4713600000000002
74,10,south,Utah State,Missouri,65,76,0,2023,1,4,1.0475017793594306,1.008680506329114,1.069718580375783,0.9650666666666669,0.9762521963824291,0.9592684365781713,0.9779418086500655,1.148217054263566,1.0378956714761378,1.217627118644068,"['UNLV', 'Boise State', 'New Mexico', 'Boise State', 'San Diego State']",2.8182400000000003
75,2,south,Arizona,Princeton,55,59,0,2023,1,4,1.0447716814159296,0.9565405405405407,1.0434105263157896,0.8466683738796416,1.1920423280423282,0.9332075471698112,0.8950146892655368,0.7819869281045754,0.8847063740856845,0.8519564270152508,"['Southern California', 'UCLA', 'Stanford', 'Arizona State', 'UCLA']",1.2768000000000004
76,1,south,Alabama,Maryland,73,51,1,2023,2,4,0.9571992322456815,1.03269974070873,0.9646371040723982,1.1049222323879233,0.849045970149254,0.9222075471698115,1.024827586206897,1.1385255269320844,0.8329051094890513,0.9734977687626777,"['Auburn', 'Texas A&M', 'Mississippi State', 'Missouri', 'Texas A&M']",1.9875200000000004
77,5,south,San Diego State,Furman,75,52,1,2023,2,4,0.9062971887550202,0.947698267436695,0.9077077625570779,0.9181141388174808,0.9012275862068968,0.9183044776119405,1.08888864265928,0.9684546916890083,0.9160722580645162,0.8631262411347519,"['Boise State', 'Wyoming', 'Colorado State', 'San Jose State', 'Utah State']",0.61344
78,6,south,Creighton,Baylor,85,76,1,2023,2,3,0.9345239852398525,0.9981929759704254,0.9278601279317699,1.0426944567627496,0.9103186440677968,1.0987674267100977,1.0603586206896554,1.1020307692307691,0.8778295928500498,0.8471168316831684,"['Villanova', 'Georgetown', 'DePaul', 'Villanova', 'Xavier']",-0.2694400000000002
79,15,south,Princeton,Missouri,78,63,1,2023,2,4,0.9659193916349812,0.980294648478489,0.9339920879120883,0.9907457286432162,1.1813005847953217,1.2960000000000003,1.0776988764044948,0.9615249097472927,0.9325163383545771,0.9571632432432435,"['Yale', 'Harvard', 'Pennsylvania', 'Pennsylvania', 'Yale']",0.010559999999999948
80,8,south,Maryland,Alabama,51,73,0,2023,2,2,1.094497637795276,0.9792581818181818,1.0202250000000002,1.0811943661971832,1.4656731707317074,0.6654666666666668,0.9730644808743171,0.9391475409836066,0.8673554987212276,0.7685408450704226,"['Northwestern', 'Ohio State', 'Penn State', 'Minnesota', 'Indiana']",1.1718400000000002
81,13,south,Furman,San Diego State,52,75,0,2023,2,5,0.9622175942549372,0.8678688586190701,0.974406708595388,0.8479676113360324,0.9105488372093027,1.6516225584594224,0.9651649122807019,0.9188129032258066,0.958743925233645,0.9770890052356023,"['Mercer', 'Samford', 'Mercer', 'Western Carolina', 'Chattanooga']",1.3724800000000001
82,3,south,Baylor,Creighton,76,85,0,2023,2,2,0.9804511278195491,0.9271905978538582,0.924497777777778,1.0712091116173126,1.110517391304348,0.8293733333333335,0.9624752688172045,0.8416195718654437,0.9157464544138931,1.10247960199005,"['Kansas State', 'Texas', 'Oklahoma State', 'Iowa State', 'Iowa State']",-1.2012800000000001
83,7,south,Missouri,Princeton,63,78,0,2023,2,4,1.0862021818181817,1.0028604206500957,1.0734711864406783,1.0316017699115045,1.0983644444444447,0.5964736842105264,0.9883187335092349,0.8490922509225094,0.9650961262553802,0.9168478260869568,"['Georgia', 'Louisiana State', 'Ole Miss', 'Tennessee', 'Alabama']",1.8486400000000003
84,5,south,San Diego State,Alabama,71,64,1,2023,3,4,0.9062971887550202,0.947698267436695,0.9077077625570779,0.9181141388174808,0.9012275862068968,0.9183044776119405,1.08888864265928,0.9684546916890083,0.9160722580645162,0.8631262411347519,"['Boise State', 'Wyoming', 'Colorado State', 'San Jose State', 'Utah State']",0.61344
85,6,south,Creighton,Princeton,86,75,1,2023,3,3,0.9345239852398525,0.9981929759704254,0.9278601279317699,1.0426944567627496,0.9103186440677968,1.0987674267100977,1.0603586206896554,1.1020307692307691,0.8778295928500498,0.8471168316831684,"['Villanova', 'Georgetown', 'DePaul', 'Villanova', 'Xavier']",-0.2694400000000002
86,1,south,Alabama,San Diego State,64,71,0,2023,3,4,0.9571992322456815,1.03269974070873,0.9646371040723982,1.1049222323879233,0.849045970149254,0.9222075471698115,1.024827586206897,1.1385255269320844,0.8329051094890513,0.9734977687626777,"['Auburn', 'Texas A&M', 'Mississippi State', 'Missouri', 'Texas A&M']",1.9875200000000004
87,15,south,Princeton,Creighton,75,86,0,2023,3,4,0.9659193916349812,0.980294648478489,0.9339920879120883,0.9907457286432162,1.1813005847953217,1.2960000000000003,1.0776988764044948,0.9615249097472927,0.9325163383545771,0.9571632432432435,"['Yale', 'Harvard', 'Pennsylvania', 'Pennsylvania', 'Yale']",0.010559999999999948
88,5,south,San Diego State,Creighton,57,56,1,2023,4,4,0.9062971887550202,0.947698267436695,0.9077077625570779,0.9181141388174808,0.9012275862068968,0.9183044776119405,1.08888864265928,0.9684546916890083,0.9160722580645162,0.8631262411347519,"['Boise State', 'Wyoming', 'Colorado State', 'San Jose State', 'Utah State']",0.61344
89,6,south,Creighton,San Diego State,56,57,0,2023,4,3,0.9345239852398525,0.9981929759704254,0.9278601279317699,1.0426944567627496,0.9103186440677968,1.0987674267100977,1.0603586206896554,1.1020307692307691,0.8778295928500498,0.8471168316831684,"['Villanova', 'Georgetown', 'DePaul', 'Villanova', 'Xavier']",-0.2694400000000002
90,1,west,Kansas,Howard,96,68,1,2023,1,3,0.9142387832699622,0.9341310924369751,0.9222085470085472,1.027969060773481,0.7602489913544671,0.9827154929577465,0.9820688888888892,0.6261194805194806,0.9649625282167046,0.8605252900232021,"['Texas Tech', 'Texas', 'West Virginia', 'Iowa State', 'Texas']",0.051200000000000044
91,8,west,Arkansas,Illinois,73,63,1,2023,1,1,0.9186514734774067,1.0723148812409113,0.9095519313304723,0.939323076923077,1.2027399361022364,1.15392,0.9607426934097423,1.08456149068323,0.9042654028436021,0.9907720090293456,"['Alabama', 'Tennessee', 'Kentucky', 'Auburn', 'Texas A&M']",-0.9888000000000003
92,5,west,Saint Mary's,VCU,63,51,1,2023,1,3,0.9914298850574713,0.9242868852459019,1.0213731868131868,0.752577777777778,0.9451572602739727,1.2611200000000002,1.005706051873199,0.707782747603834,0.82771568627451,0.8902477341389728,"['Brigham Young', 'Pacific', 'Gonzaga', 'Brigham Young', 'Gonzaga']",0.08000000000000025
93,4,west,Connecticut,Iona,87,63,1,2023,1,4,1.030126901669759,1.0066112301757395,1.0299206896551727,1.0361734840698873,0.9784242424242425,1.0920433936022254,1.0139248357424444,1.0685653333333336,0.8927112024665982,1.0859169811320757,"[""St. John's (NY)"", 'DePaul', 'Villanova', 'Providence', 'Marquette']",1.7824000000000004
94,6,west,TCU,Arizona State,72,70,1,2023,1,3,0.973504,1.0512368421052634,0.9494604856512143,1.1096981132075474,1.1557212903225809,0.7457655172413793,1.081185693848355,1.1043324099722993,0.874921739130435,0.8728179551122195,"['Texas Tech', 'Texas', 'Oklahoma', 'Kansas State', 'Texas']",-0.05952000000000004
95,3,west,Gonzaga,Grand Canyon,82,70,1,2023,1,5,1.0661498281786943,0.991872392638037,1.0571547024952017,1.1231131614654006,1.0167514511873352,1.0161125,0.9741067821067824,1.2370333333333337,1.0263236870310826,0.7575436031331594,"['San Diego', ""St. Mary's (CA)"", 'Chicago State', 'San Francisco', ""St. Mary's (CA)""]",4.62272
96,7,west,Northwestern,Boise State,75,67,1,2023,1,1,0.9235213530655393,1.0622926829268295,0.9121415233415235,0.9580332094175963,1.1036809968847354,0.7754794520547947,1.0008729194187584,1.1686190163934427,0.9498755441741358,0.9760104234527688,"['Illinois', 'Maryland', 'Penn State', 'Rutgers', 'Penn State']",-0.42816
97,2,west,UCLA,UNC Asheville,86,53,1,2023,1,4,0.903527201565558,1.003631180400891,0.9088382608695654,1.0042175115207375,0.8475828080229227,1.3742857142857143,1.1036016415868677,1.2809460490463218,1.1142979343863912,1.1346093023255817,"['Arizona State', 'Arizona', 'Colorado', 'Oregon', 'Arizona']",2.4684800000000005
98,16,west,Howard,Kansas,68,96,0,2023,1,5,1.0657275142314993,0.9963218842001966,1.0521292576419217,1.0463236074270557,1.0821818181818184,1.0169072164948454,0.9489144460028052,1.12432,0.9620585987261149,1.0816576576576578,"['South Carolina State', 'Norfolk State', 'South Carolina State', 'Maryland Eastern Shore', 'Norfolk State']",2.3068800000000005
99,9,west,Illinois,Arkansas,63,73,0,2023,1,2,0.9661634241245137,0.9622298047276465,0.9754262806236081,0.9241619631901843,0.9235844155844157,1.0898014992503753,1.0259322533136968,0.938648780487805,0.9525448028673839,0.9760968523002423,"['Northwestern', 'Ohio State', 'Michigan', 'Purdue', 'Penn State']",-0.09568000000000003
100,12,west,VCU,Saint Mary's,51,63,0,2023,1,5,1.0640184615384616,1.051252276379218,1.0802107991360694,0.9173901639344264,0.9650896551724139,1.019257731958763,0.9551540229885058,0.8123010752688172,1.1389285714285715,0.7736711111111111,"['Saint Louis', 'George Washington', 'Davidson', 'Saint Louis', 'Dayton']",2.4307200000000004
101,13,west,Iona,Connecticut,63,87,0,2023,1,5,1.0292558139534886,1.0450622950819672,1.0212357298474948,0.9903718887262081,1.1081502762430941,0.975793214862682,1.1342448087431698,1.2892584269662926,0.9581141439205955,0.8706741573033709,"['Marist', 'Rider', ""Mount St. Mary's"", 'Niagara', 'Marist']",3.333440000000001
102,11,west,Arizona State,TCU,70,72,0,2023,1,3,0.9395966942148761,1.0238313453536756,0.9241235154394302,1.1030636897767332,0.9622658385093169,1.299114666666667,1.0178415094339628,1.467916564417178,0.8243409836065573,0.8364705882352944,"['Southern California', 'Oregon State', 'Southern California', 'Arizona', 'Nevada']",0.39712
103,14,west,Grand Canyon,Gonzaga,70,82,0,2023,1,5,1.150571217712177,0.9285359762140736,1.1318060606060607,0.9945736654804274,1.1573054830287208,1.079720775623269,0.8083642458100561,0.7109102990033225,1.05729844789357,1.051271641791045,"['Utah Tech', 'UT Arlington', 'Seattle', 'Sam Houston State', 'Southern Utah']",1.8656000000000001
104,10,west,Boise State,Northwestern,67,75,0,2023,1,2,0.9897274472168908,0.9558175438596495,0.9603814569536425,1.0038395634379267,1.0887337016574588,1.1386003407155025,0.9743279672578445,0.7102334572490707,0.9402438006952492,0.9896849162011174,"['San Jose State', 'San Diego State', 'Utah State', 'UNLV', 'Utah State']",-0.7494400000000001
105,15,west,UNC Asheville,UCLA,53,86,0,2023,1,5,1.0717162705667278,0.9701629629629632,1.0529920000000002,1.0229702970297032,1.1308329896907219,0.9500414507772021,1.024348126801153,0.9856460905349795,1.1314971164936565,0.8113404710920773,"['Charleston Southern', 'Longwood', 'Charleston Southern', 'USC Upstate', 'Campbell']",2.19776
106,8,west,Arkansas,Kansas,72,71,1,2023,2,1,0.9186514734774067,1.0723148812409113,0.9095519313304723,0.939323076923077,1.2027399361022364,1.15392,0.9607426934097423,1.08456149068323,0.9042654028436021,0.9907720090293456,"['Alabama', 'Tennessee', 'Kentucky', 'Auburn', 'Texas A&M']",-0.9888000000000003
107,4,west,Connecticut,Saint Mary's,70,55,1,2023,2,4,1.030126901669759,1.0066112301757395,1.0299206896551727,1.0361734840698873,0.9784242424242425,1.0920433936022254,1.0139248357424444,1.0685653333333336,0.8927112024665982,1.0859169811320757,"[""St. John's (NY)"", 'DePaul', 'Villanova', 'Providence', 'Marquette']",1.7824000000000004
108,3,west,Gonzaga,TCU,84,81,1,2023,2,5,1.0661498281786943,0.991872392638037,1.0571547024952017,1.1231131614654006,1.0167514511873352,1.0161125,0.9741067821067824,1.2370333333333337,1.0263236870310826,0.7575436031331594,"['San Diego', ""St. Mary's (CA)"", 'Chicago State', 'San Francisco', ""St. Mary's (CA)""]",4.62272
109,2,west,UCLA,Northwestern,68,63,1,2023,2,4,0.903527201565558,1.003631180400891,0.9088382608695654,1.0042175115207375,0.8475828080229227,1.3742857142857143,1.1036016415868677,1.2809460490463218,1.1142979343863912,1.1346093023255817,"['Arizona State', 'Arizona', 'Colorado', 'Oregon', 'Arizona']",2.4684800000000005
110,1,west,Kansas,Arkansas,71,72,0,2023,2,3,0.9142387832699622,0.9341310924369751,0.9222085470085472,1.027969060773481,0.7602489913544671,0.9827154929577465,0.9820688888888892,0.6261194805194806,0.9649625282167046,0.8605252900232021,"['Texas Tech', 'Texas', 'West Virginia', 'Iowa State', 'Texas']",0.051200000000000044
111,5,west,Saint Mary's,Connecticut,55,70,0,2023,2,3,0.9914298850574713,0.9242868852459019,1.0213731868131868,0.752577777777778,0.9451572602739727,1.2611200000000002,1.005706051873199,0.707782747603834,0.82771568627451,0.8902477341389728,"['Brigham Young', 'Pacific', 'Gonzaga', 'Brigham Young', 'Gonzaga']",0.08000000000000025
112,6,west,TCU,Gonzaga,81,84,0,2023,2,3,0.973504,1.0512368421052634,0.9494604856512143,1.1096981132075474,1.1557212903225809,0.7457655172413793,1.081185693848355,1.1043324099722993,0.874921739130435,0.8728179551122195,"['Texas Tech', 'Texas', 'Oklahoma', 'Kansas State', 'Texas']",-0.05952000000000004
113,7,west,Northwestern,UCLA,63,68,0,2023,2,1,0.9235213530655393,1.0622926829268295,0.9121415233415235,0.9580332094175963,1.1036809968847354,0.7754794520547947,1.0008729194187584,1.1686190163934427,0.9498755441741358,0.9760104234527688,"['Illinois', 'Maryland', 'Penn State', 'Rutgers', 'Penn State']",-0.42816
114,4,west,Connecticut,Arkansas,88,65,1,2023,3,4,1.030126901669759,1.0066112301757395,1.0299206896551727,1.0361734840698873,0.9784242424242425,1.0920433936022254,1.0139248357424444,1.0685653333333336,0.8927112024665982,1.0859169811320757,"[""St. John's (NY)"", 'DePaul', 'Villanova', 'Providence', 'Marquette']",1.7824000000000004
115,3,west,Gonzaga,UCLA,79,76,1,2023,3,5,1.0661498281786943,0.991872392638037,1.0571547024952017,1.1231131614654006,1.0167514511873352,1.0161125,0.9741067821067824,1.2370333333333337,1.0263236870310826,0.7575436031331594,"['San Diego', ""St. Mary's (CA)"", 'Chicago State', 'San Francisco', ""St. Mary's (CA)""]",4.62272
116,8,west,Arkansas,Connecticut,65,88,0,2023,3,1,0.9186514734774067,1.0723148812409113,0.9095519313304723,0.939323076923077,1.2027399361022364,1.15392,0.9607426934097423,1.08456149068323,0.9042654028436021,0.9907720090293456,"['Alabama', 'Tennessee', 'Kentucky', 'Auburn', 'Texas A&M']",-0.9888000000000003
117,2,west,UCLA,Gonzaga,76,79,0,2023,3,4,0.903527201565558,1.003631180400891,0.9088382608695654,1.0042175115207375,0.8475828080229227,1.3742857142857143,1.1036016415868677,1.2809460490463218,1.1142979343863912,1.1346093023255817,"['Arizona State', 'Arizona', 'Colorado', 'Oregon', 'Arizona']",2.4684800000000005
118,4,west,Connecticut,Gonzaga,82,54,1,2023,4,4,1.030126901669759,1.0066112301757395,1.0299206896551727,1.0361734840698873,0.9784242424242425,1.0920433936022254,1.0139248357424444,1.0685653333333336,0.8927112024665982,1.0859169811320757,"[""St. John's (NY)"", 'DePaul', 'Villanova', 'Providence', 'Marquette']",1.7824000000000004
119,3,west,Gonzaga,Connecticut,54,82,0,2023,4,5,1.0661498281786943,0.991872392638037,1.0571547024952017,1.1231131614654006,1.0167514511873352,1.0161125,0.9741067821067824,1.2370333333333337,1.0263236870310826,0.7575436031331594,"['San Diego', ""St. Mary's (CA)"", 'Chicago State', 'San Francisco', ""St. Mary's (CA)""]",4.62272
120,5,national,San Diego State,Florida Atlantic,72,71,1,2023,5,4,0.9062971887550202,0.947698267436695,0.9077077625570779,0.9181141388174808,0.9012275862068968,0.9183044776119405,1.08888864265928,0.9684546916890083,0.9160722580645162,0.8631262411347519,"['Boise State', 'Wyoming', 'Colorado State', 'San Jose State', 'Utah State']",0.61344
121,4,national,Connecticut,Miami FL,72,59,1,2023,5,4,1.030126901669759,1.0066112301757395,1.0299206896551727,1.0361734840698873,0.9784242424242425,1.0920433936022254,1.0139248357424444,1.0685653333333336,0.8927112024665982,1.0859169811320757,"[""St. John's (NY)"", 'DePaul', 'Villanova', 'Providence', 'Marquette']",1.7824000000000004
122,9,national,Florida Atlantic,San Diego State,71,72,0,2023,5,5,1.061747714808044,1.0572319862424766,1.0670248927038628,1.0339875,1.0503431693989074,0.8616491228070177,1.1206253129346317,0.8954064516129033,1.0613457725947526,0.89923611738149,"['Rice', 'Louisiana Tech', 'Western Kentucky', 'Middle Tennessee', 'UAB']",4.048
123,5,national,Miami FL,Connecticut,59,72,0,2023,5,3,0.9617325966850829,1.0344562358276643,0.9647200000000002,1.0474087417218545,0.9397043478260871,0.9079373707533235,0.9645142857142859,1.1368167164179106,1.0048749414519909,0.9592785894206549,"['Virginia Tech', 'Florida State', 'Pittsburgh', 'Wake Forest', 'Duke']",0.3062400000000002
124,4,national,Connecticut,San Diego State,76,59,1,2023,6,4,1.030126901669759,1.0066112301757395,1.0299206896551727,1.0361734840698873,0.9784242424242425,1.0920433936022254,1.0139248357424444,1.0685653333333336,0.8927112024665982,1.0859169811320757,"[""St. John's (NY)"", 'DePaul', 'Villanova', 'Providence', 'Marquette']",1.7824000000000004
125,5,national,San Diego State,Connecticut,59,76,0,2023,6,4,0.9062971887550202,0.947698267436695,0.9077077625570779,0.9181141388174808,0.9012275862068968,0.9183044776119405,1.08888864265928,0.9684546916890083,0.9160722580645162,0.8631262411347519,"['Boise State', 'Wyoming', 'Colorado State', 'San Jose State', 'Utah State']",0.61344
